original,offset,message
oa,a,oa
oa,b,pb
oa,c,qc
oa,d,rd
oa,e,se
oa,f,tf
oa,g,ug
oa,h,vh
oa,i,wi
oa,j,xj
oa,k,yk
oa,l,zl
oa,m,am
oa,n,bn
oa,o,co
oa,p,dp
oa,q,eq
oa,r,fr
oa,s,gs
oa,t,ht
oa,u,iu
oa,v,jv
oa,w,kw
oa,x,lx
oa,y,my
oa,z,nz
oa,aa,oa
oa,ab,ob
oa,ac,oc
oa,ad,od
oa,ae,oe
oa,af,of
oa,ag,og
oa,ah,oh
oa,ai,oi
oa,aj,oj
oa,ak,ok
oa,al,ol
oa,am,om
oa,an,on
oa,ao,oo
oa,ap,op
oa,aq,oq
oa,ar,or
oa,as,os
oa,at,ot
oa,au,ou
oa,av,ov
oa,aw,ow
oa,ax,ox
oa,ay,oy
oa,az,oz
oa,ba,pa
oa,bb,pb
oa,bc,pc
oa,bd,pd
oa,be,pe
oa,bf,pf
oa,bg,pg
oa,bh,ph
oa,bi,pi
oa,bj,pj
oa,bk,pk
oa,bl,pl
oa,bm,pm
oa,bn,pn
oa,bo,po
oa,bp,pp
oa,bq,pq
oa,br,pr
oa,bs,ps
oa,bt,pt
oa,bu,pu
oa,bv,pv
oa,bw,pw
oa,bx,px
oa,by,py
oa,bz,pz
oa,ca,qa
oa,cb,qb
oa,cc,qc
oa,cd,qd
oa,ce,qe
oa,cf,qf
oa,cg,qg
oa,ch,qh
oa,ci,qi
oa,cj,qj
oa,ck,qk
oa,cl,ql
oa,cm,qm
oa,cn,qn
oa,co,qo
oa,cp,qp
oa,cq,qq
oa,cr,qr
oa,cs,qs
oa,ct,qt
oa,cu,qu
oa,cv,qv
oa,cw,qw
oa,cx,qx
oa,cy,qy
oa,cz,qz
oa,da,ra
oa,db,rb
oa,dc,rc
oa,dd,rd
oa,de,re
oa,df,rf
oa,dg,rg
oa,dh,rh
oa,di,ri
oa,dj,rj
oa,dk,rk
oa,dl,rl
oa,dm,rm
oa,dn,rn
oa,do,ro
oa,dp,rp
oa,dq,rq
oa,dr,rr
oa,ds,rs
oa,dt,rt
oa,du,ru
oa,dv,rv
oa,dw,rw
oa,dx,rx
oa,dy,ry
oa,dz,rz
oa,ea,sa
oa,eb,sb
oa,ec,sc
oa,ed,sd
oa,ee,se
oa,ef,sf
oa,eg,sg
oa,eh,sh
oa,ei,si
oa,ej,sj
oa,ek,sk
oa,el,sl
oa,em,sm
oa,en,sn
oa,eo,so
oa,ep,sp
oa,eq,sq
oa,er,sr
oa,es,ss
oa,et,st
oa,eu,su
oa,ev,sv
oa,ew,sw
oa,ex,sx
oa,ey,sy
oa,ez,sz
oa,fa,ta
oa,fb,tb
oa,fc,tc
oa,fd,td
oa,fe,te
oa,ff,tf
oa,fg,tg
oa,fh,th
oa,fi,ti
oa,fj,tj
oa,fk,tk
oa,fl,tl
oa,fm,tm
oa,fn,tn
oa,fo,to
oa,fp,tp
oa,fq,tq
oa,fr,tr
oa,fs,ts
oa,ft,tt
oa,fu,tu
oa,fv,tv
oa,fw,tw
oa,fx,tx
oa,fy,ty
oa,fz,tz
oa,ga,ua
oa,gb,ub
oa,gc,uc
oa,gd,ud
oa,ge,ue
oa,gf,uf
oa,gg,ug
oa,gh,uh
oa,gi,ui
oa,gj,uj
oa,gk,uk
oa,gl,ul
oa,gm,um
oa,gn,un
oa,go,uo
oa,gp,up
oa,gq,uq
oa,gr,ur
oa,gs,us
oa,gt,ut
oa,gu,uu
oa,gv,uv
oa,gw,uw
oa,gx,ux
oa,gy,uy
oa,gz,uz
oa,ha,va
oa,hb,vb
oa,hc,vc
oa,hd,vd
oa,he,ve
oa,hf,vf
oa,hg,vg
oa,hh,vh
oa,hi,vi
oa,hj,vj
oa,hk,vk
oa,hl,vl
oa,hm,vm
oa,hn,vn
oa,ho,vo
oa,hp,vp
oa,hq,vq
oa,hr,vr
oa,hs,vs
oa,ht,vt
oa,hu,vu
oa,hv,vv
oa,hw,vw
oa,hx,vx
oa,hy,vy
oa,hz,vz
oa,ia,wa
oa,ib,wb
oa,ic,wc
oa,id,wd
oa,ie,we
oa,if,wf
oa,ig,wg
oa,ih,wh
oa,ii,wi
oa,ij,wj
oa,ik,wk
oa,il,wl
oa,im,wm
oa,in,wn
oa,io,wo
oa,ip,wp
oa,iq,wq
oa,ir,wr
oa,is,ws
oa,it,wt
oa,iu,wu
oa,iv,wv
oa,iw,ww
oa,ix,wx
oa,iy,wy
oa,iz,wz
oa,ja,xa
oa,jb,xb
oa,jc,xc
oa,jd,xd
oa,je,xe
oa,jf,xf
oa,jg,xg
oa,jh,xh
oa,ji,xi
oa,jj,xj
oa,jk,xk
oa,jl,xl
oa,jm,xm
oa,jn,xn
oa,jo,xo
oa,jp,xp
oa,jq,xq
oa,jr,xr
oa,js,xs
oa,jt,xt
oa,ju,xu
oa,jv,xv
oa,jw,xw
oa,jx,xx
oa,jy,xy
oa,jz,xz
oa,ka,ya
oa,kb,yb
oa,kc,yc
oa,kd,yd
oa,ke,ye
oa,kf,yf
oa,kg,yg
oa,kh,yh
oa,ki,yi
oa,kj,yj
oa,kk,yk
oa,kl,yl
oa,km,ym
oa,kn,yn
oa,ko,yo
oa,kp,yp
oa,kq,yq
oa,kr,yr
oa,ks,ys
oa,kt,yt
oa,ku,yu
oa,kv,yv
oa,kw,yw
oa,kx,yx
oa,ky,yy
oa,kz,yz
oa,la,za
oa,lb,zb
oa,lc,zc
oa,ld,zd
oa,le,ze
oa,lf,zf
oa,lg,zg
oa,lh,zh
oa,li,zi
oa,lj,zj
oa,lk,zk
oa,ll,zl
oa,lm,zm
oa,ln,zn
oa,lo,zo
oa,lp,zp
oa,lq,zq
oa,lr,zr
oa,ls,zs
oa,lt,zt
oa,lu,zu
oa,lv,zv
oa,lw,zw
oa,lx,zx
oa,ly,zy
oa,lz,zz
oa,ma,aa
oa,mb,ab
oa,mc,ac
oa,md,ad
oa,me,ae
oa,mf,af
oa,mg,ag
oa,mh,ah
oa,mi,ai
oa,mj,aj
oa,mk,ak
oa,ml,al
oa,mm,am
oa,mn,an
oa,mo,ao
oa,mp,ap
oa,mq,aq
oa,mr,ar
oa,ms,as
oa,mt,at
oa,mu,au
oa,mv,av
oa,mw,aw
oa,mx,ax
oa,my,ay
oa,mz,az
oa,na,ba
oa,nb,bb
oa,nc,bc
oa,nd,bd
oa,ne,be
oa,nf,bf
oa,ng,bg
oa,nh,bh
oa,ni,bi
oa,nj,bj
oa,nk,bk
oa,nl,bl
oa,nm,bm
oa,nn,bn
oa,no,bo
oa,np,bp
oa,nq,bq
oa,nr,br
oa,ns,bs
oa,nt,bt
oa,nu,bu
oa,nv,bv
oa,nw,bw
oa,nx,bx
oa,ny,by
oa,nz,bz
oa,oa,ca
oa,ob,cb
oa,oc,cc
oa,od,cd
oa,oe,ce
oa,of,cf
oa,og,cg
oa,oh,ch
oa,oi,ci
oa,oj,cj
oa,ok,ck
oa,ol,cl
oa,om,cm
oa,on,cn
oa,oo,co
oa,op,cp
oa,oq,cq
oa,or,cr
oa,os,cs
oa,ot,ct
oa,ou,cu
oa,ov,cv
oa,ow,cw
oa,ox,cx
oa,oy,cy
oa,oz,cz
oa,pa,da
oa,pb,db
oa,pc,dc
oa,pd,dd
oa,pe,de
oa,pf,df
oa,pg,dg
oa,ph,dh
oa,pi,di
oa,pj,dj
oa,pk,dk
oa,pl,dl
oa,pm,dm
oa,pn,dn
oa,po,do
oa,pp,dp
oa,pq,dq
oa,pr,dr
oa,ps,ds
oa,pt,dt
oa,pu,du
oa,pv,dv
oa,pw,dw
oa,px,dx
oa,py,dy
oa,pz,dz
oa,qa,ea
oa,qb,eb
oa,qc,ec
oa,qd,ed
oa,qe,ee
oa,qf,ef
oa,qg,eg
oa,qh,eh
oa,qi,ei
oa,qj,ej
oa,qk,ek
oa,ql,el
oa,qm,em
oa,qn,en
oa,qo,eo
oa,qp,ep
oa,qq,eq
oa,qr,er
oa,qs,es
oa,qt,et
oa,qu,eu
oa,qv,ev
oa,qw,ew
oa,qx,ex
oa,qy,ey
oa,qz,ez
oa,ra,fa
oa,rb,fb
oa,rc,fc
oa,rd,fd
oa,re,fe
oa,rf,ff
oa,rg,fg
oa,rh,fh
oa,ri,fi
oa,rj,fj
oa,rk,fk
oa,rl,fl
oa,rm,fm
oa,rn,fn
oa,ro,fo
oa,rp,fp
oa,rq,fq
oa,rr,fr
oa,rs,fs
oa,rt,ft
oa,ru,fu
oa,rv,fv
oa,rw,fw
oa,rx,fx
oa,ry,fy
oa,rz,fz
oa,sa,ga
oa,sb,gb
oa,sc,gc
oa,sd,gd
oa,se,ge
oa,sf,gf
oa,sg,gg
oa,sh,gh
oa,si,gi
oa,sj,gj
oa,sk,gk
oa,sl,gl
oa,sm,gm
oa,sn,gn
oa,so,go
oa,sp,gp
oa,sq,gq
oa,sr,gr
oa,ss,gs
oa,st,gt
oa,su,gu
oa,sv,gv
oa,sw,gw
oa,sx,gx
oa,sy,gy
oa,sz,gz
oa,ta,ha
oa,tb,hb
oa,tc,hc
oa,td,hd
oa,te,he
oa,tf,hf
oa,tg,hg
oa,th,hh
oa,ti,hi
oa,tj,hj
oa,tk,hk
oa,tl,hl
oa,tm,hm
oa,tn,hn
oa,to,ho
oa,tp,hp
oa,tq,hq
oa,tr,hr
oa,ts,hs
oa,tt,ht
oa,tu,hu
oa,tv,hv
oa,tw,hw
oa,tx,hx
oa,ty,hy
oa,tz,hz
oa,ua,ia
oa,ub,ib
oa,uc,ic
oa,ud,id
oa,ue,ie
oa,uf,if
oa,ug,ig
oa,uh,ih
oa,ui,ii
oa,uj,ij
oa,uk,ik
oa,ul,il
oa,um,im
oa,un,in
oa,uo,io
oa,up,ip
oa,uq,iq
oa,ur,ir
oa,us,is
oa,ut,it
oa,uu,iu
oa,uv,iv
oa,uw,iw
oa,ux,ix
oa,uy,iy
oa,uz,iz
oa,va,ja
oa,vb,jb
oa,vc,jc
oa,vd,jd
oa,ve,je
oa,vf,jf
oa,vg,jg
oa,vh,jh
oa,vi,ji
oa,vj,jj
oa,vk,jk
oa,vl,jl
oa,vm,jm
oa,vn,jn
oa,vo,jo
oa,vp,jp
oa,vq,jq
oa,vr,jr
oa,vs,js
oa,vt,jt
oa,vu,ju
oa,vv,jv
oa,vw,jw
oa,vx,jx
oa,vy,jy
oa,vz,jz
oa,wa,ka
oa,wb,kb
oa,wc,kc
oa,wd,kd
oa,we,ke
oa,wf,kf
oa,wg,kg
oa,wh,kh
oa,wi,ki
oa,wj,kj
oa,wk,kk
oa,wl,kl
oa,wm,km
oa,wn,kn
oa,wo,ko
oa,wp,kp
oa,wq,kq
oa,wr,kr
oa,ws,ks
oa,wt,kt
oa,wu,ku
oa,wv,kv
oa,ww,kw
oa,wx,kx
oa,wy,ky
oa,wz,kz
oa,xa,la
oa,xb,lb
oa,xc,lc
oa,xd,ld
oa,xe,le
oa,xf,lf
oa,xg,lg
oa,xh,lh
oa,xi,li
oa,xj,lj
oa,xk,lk
oa,xl,ll
oa,xm,lm
oa,xn,ln
oa,xo,lo
oa,xp,lp
oa,xq,lq
oa,xr,lr
oa,xs,ls
oa,xt,lt
oa,xu,lu
oa,xv,lv
oa,xw,lw
oa,xx,lx
oa,xy,ly
oa,xz,lz
oa,ya,ma
oa,yb,mb
oa,yc,mc
oa,yd,md
oa,ye,me
oa,yf,mf
oa,yg,mg
oa,yh,mh
oa,yi,mi
oa,yj,mj
oa,yk,mk
oa,yl,ml
oa,ym,mm
oa,yn,mn
oa,yo,mo
oa,yp,mp
oa,yq,mq
oa,yr,mr
oa,ys,ms
oa,yt,mt
oa,yu,mu
oa,yv,mv
oa,yw,mw
oa,yx,mx
oa,yy,my
oa,yz,mz
oa,za,na
oa,zb,nb
oa,zc,nc
oa,zd,nd
oa,ze,ne
oa,zf,nf
oa,zg,ng
oa,zh,nh
oa,zi,ni
oa,zj,nj
oa,zk,nk
oa,zl,nl
oa,zm,nm
oa,zn,nn
oa,zo,no
oa,zp,np
oa,zq,nq
oa,zr,nr
oa,zs,ns
oa,zt,nt
oa,zu,nu
oa,zv,nv
oa,zw,nw
oa,zx,nx
oa,zy,ny
oa,zz,nz
